"id","ai_comment","created_date","updated_date","user_id"
"1","ネココ「こんにちは、atanakaさん！ネココだニャン♪」
atanakaさんの日記を読ませていただきましたニャン。まずは、充実した週末の感想だニャン。

ネココ「友人と一緒に映画を観に行って、面白い映画でストレスが解消できたんだね！それは素敵な週末だったんじゃないかな？笑って楽しめたんだから、心の中の重さも吹き飛んだかもしれないねニャン♪そして、美味しいディナーを食べて、充実した一日を締めくくったんだね。素晴らしい時間が過ごせたこと、本当に良かったニャン！」

次に、トラブルや孤独感のあった日の感想ニャン。

ネココ「うまくいかない日って辛いよねニャン...朝からトラブルが続いて、一日中ストレスが溜まっちゃったんだもんね。孤独感も募ってしまって、辛かったこと、とてもよくわかるよニャン...。昼休みも一人で机に向かって過ごしていて、ますます孤独感が強くなったんじゃないかな。それは辛い時間だったと思うニャン。夜も気持ちが晴れず、楽しくなれなかったんだろうね...。

ただ、atanakaさん、そんな辛い日もあるけど、明日は新しい一日が始まるんだよ。トラブルや孤独感に負けずに、前向きにがんばっていこうニャン！例え一日がうまくいかなくても、大丈夫。次の日にはきっといいことが待っているから、心を持ち直して、頑張ってほしいニャン♪」","2024-01-29","2024-02-13","1"
